matrix,layer_index,component,singular_value,explained_variance,cumulative_explained_variance
example,18,1,0.2681206328092239,0.4105973570819179,0.4105973570819179
example,18,2,0.13940066435482998,0.11099038687010233,0.5215877439520202
example,18,3,0.11684251860418647,0.07797537963195686,0.5995631235839771
example,18,4,0.09810437117289979,0.054970842723181194,0.6545339663071583
example,18,5,0.08553108847581302,0.0417833903301783,0.6963173566373366
example,18,6,0.07899903312904703,0.03564505015232966,0.7319624067896663
example,18,7,0.07298758121239635,0.030426613731474452,0.7623890205211408
example,18,8,0.0674096700603123,0.025953747854836604,0.7883427683759774
example,18,9,0.06346974122770588,0.023008543810755688,0.8113513121867331
example,18,10,0.06001768852916332,0.020573785558393204,0.8319250977451262
example,18,11,0.0569073729424247,0.01849663612355116,0.8504217338686774
example,18,12,0.05543102550993657,0.017549368968035422,0.8679711028367127
example,18,13,0.05126252775184539,0.015009136695411813,0.8829802395321246
example,18,14,0.05051279870790296,0.014573321350374754,0.8975535608824993
example,18,15,0.04774386472010076,0.013019395495603919,0.9105729563781032
example,18,16,0.04474267220880833,0.01143403493389893,0.9220069913120021
example,18,17,0.042069042440156364,0.01010836538521241,0.9321153566972146
example,18,18,0.040812918025816415,0.00951373328510953,0.9416290899823241
example,18,19,0.03991927134905171,0.009101665889235236,0.9507307558715593
example,18,20,0.03854495972593518,0.008485762461934082,0.9592165183334934
example,18,21,0.03631388814467448,0.007531841656168073,0.9667483599896615
example,18,22,0.03433662123042901,0.006733964052151855,0.9734823240418133
example,18,23,0.033264050221508364,0.006319837819291789,0.9798021618611051
example,18,24,0.029467644009775758,0.0049595983561769984,0.9847617602172821
example,18,25,0.026664369841296415,0.004060862896905324,0.9888226231141874
example,18,26,0.02555383397248291,0.0037296477439321654,0.9925522708581196
example,18,27,0.022803883102232785,0.002970115171797512,0.995522386029917
example,18,28,0.022128746676181598,0.002796850884751706,0.9983192369146687
example,18,29,0.017154395216308998,0.0016807630853312723,1.0
span,18,1,0.17231581952204683,0.2649098373986562,0.2649098373986562
span,18,2,0.10972723988561908,0.10741790952923426,0.37232774692789045
span,18,3,0.09672256954493036,0.08346481544708025,0.4557925623749707
span,18,4,0.08521356957500605,0.06478363353185544,0.5205761959068261
span,18,5,0.06729718214234325,0.0404055986949262,0.5609817946017523
span,18,6,0.062255305198695744,0.034578051710329315,0.5955598463120817
span,18,7,0.05326244824778758,0.0253098771298141,0.6208697234418958
span,18,8,0.04615701842056739,0.019007424789920326,0.6398771482318162
span,18,9,0.044171263954392484,0.017407140703986346,0.6572842889358025
span,18,10,0.039451873499235623,0.01388618830265763,0.6711704772384601
span,18,11,0.03813580441411779,0.012975186517173592,0.6841456637556337
span,18,12,0.0369542013757793,0.012183594286172855,0.6963292580418066
span,18,13,0.03596340457443195,0.011539032159475947,0.7078682902012825
span,18,14,0.03544807264550357,0.011210707989760982,0.7190789981910435
span,18,15,0.032354607222845944,0.009339423095157864,0.7284184212862014
span,18,16,0.03147699021300097,0.008839631979752934,0.7372580532659543
span,18,17,0.030796268444854714,0.008461434163106409,0.7457194874290607
span,18,18,0.029682171918442055,0.007860300305411017,0.7535797877344717
span,18,19,0.029568956715226576,0.007800452371226978,0.7613802401056986
span,18,20,0.028370486760011616,0.007180941036434568,0.7685611811421331
span,18,21,0.028020107417016212,0.007004665132258027,0.7755658462743912
span,18,22,0.02700675512932182,0.006507176696299448,0.7820730229706906
span,18,23,0.02623139757715613,0.006138901232303455,0.788211924202994
span,18,24,0.024995742733084848,0.005574165750337431,0.7937860899533314
span,18,25,0.023861684629807856,0.005079839484069887,0.7988659294374013
span,18,26,0.0233502528752733,0.004864418850135708,0.803730348287537
span,18,27,0.02262665279090745,0.004567603652376646,0.8082979519399136
span,18,28,0.022285017101201746,0.004430714125197781,0.8127286660651114
span,18,29,0.02143610214272549,0.004099580530460809,0.8168282465955722
span,18,30,0.021052709918017064,0.003954247049308735,0.8207824936448809
span,18,31,0.02073265215706448,0.0038349306005750453,0.8246174242454559
span,18,32,0.02007408506758479,0.003595168971000248,0.8282125932164561
span,18,33,0.01989567008717562,0.003531546491441642,0.8317441397078977
span,18,34,0.019529858321931166,0.003402874809389363,0.8351470145172871
span,18,35,0.019381818414798697,0.003351481505752328,0.8384984960230395
span,18,36,0.019194527573808014,0.0032870222310753382,0.8417855182541149
span,18,37,0.018790722128322068,0.0031501753375196605,0.8449356935916346
span,18,38,0.018452613651714644,0.0030378306817438784,0.8479735242733785
span,18,39,0.018360047135412352,0.0030074289085347096,0.8509809531819131
span,18,40,0.018027633222913498,0.0028995140242392132,0.8538804672061523
span,18,41,0.017879252925558538,0.002851980308125509,0.8567324475142778
span,18,42,0.017447859691304017,0.002716014640748999,0.8594484621550268
span,18,43,0.01701102462095955,0.002581717583664303,0.8620301797386911
span,18,44,0.01688626830617361,0.002543988579684874,0.864574168318376
span,18,45,0.016405528817538206,0.0024011995563840193,0.86697536787476
span,18,46,0.0162569562148844,0.0023579047560256168,0.8693332726307856
span,18,47,0.016161438865686478,0.0023302785301444035,0.8716635511609301
span,18,48,0.016044111104952782,0.0022965669361153154,0.8739601180970454
span,18,49,0.01549637997240868,0.0021424381834353376,0.8761025562804807
span,18,50,0.015335105619324173,0.0020980765482271208,0.8782006328287079
span,18,51,0.015079604467194396,0.00202874604853843,0.8802293788772463
span,18,52,0.014870201601208829,0.0019727929138420998,0.8822021717910884
span,18,53,0.014742320414642738,0.001939007453538169,0.8841411792446265
span,18,54,0.01458122707915006,0.0018968628600384576,0.886038042104665
span,18,55,0.014334452928651764,0.001833200774476471,0.8878712428791414
span,18,56,0.014168000776964545,0.001790873583384788,0.8896621164625262
span,18,57,0.014094657176506917,0.0017723799171812603,0.8914344963797075
span,18,58,0.013962614910160332,0.0017393272736374405,0.893173823653345
span,18,59,0.013665336586500262,0.0016660516177281297,0.8948398752710731
span,18,60,0.013518060796624605,0.0016303339674253211,0.8964702092384984
span,18,61,0.013365595379834528,0.0015937654406740736,0.8980639746791724
span,18,62,0.0132450828292434,0.0015651542449809386,0.8996291289241534
span,18,63,0.013200811757701795,0.0015547088207605766,0.901183837744914
span,18,64,0.012907383443414364,0.0014863606877203936,0.9026701984326343
span,18,65,0.012859928897371602,0.0014754514418118304,0.9041456498744461
span,18,66,0.012757157448409676,0.0014519632276476272,0.9055976131020937
span,18,67,0.01244359393380702,0.001381463603795969,0.9069790767058897
span,18,68,0.012399382740178691,0.0013716645609131745,0.9083507412668029
span,18,69,0.012340136752138135,0.0013585878659508866,0.9097093291327538
span,18,70,0.012332869288858976,0.0013569881138193705,0.9110663172465732
span,18,71,0.012036670963443186,0.0012925893217674456,0.9123589065683406
span,18,72,0.012010879313180704,0.0012870558492305594,0.9136459624175712
span,18,73,0.011830032526077177,0.0012485894578830033,0.9148945518754542
span,18,74,0.011646373298853726,0.0012101221186575984,0.9161046739941118
span,18,75,0.011525512527998681,0.0011851362457716039,0.9172898102398834
span,18,76,0.011466270025462428,0.0011729840760723535,0.9184627943159558
span,18,77,0.011278990921432546,0.0011349801877678597,0.9195977745037236
span,18,78,0.011239646344726026,0.0011270756811223796,0.920724850184846
span,18,79,0.011158013592825271,0.001110763393516352,0.9218356135783623
span,18,80,0.011010378080970232,0.0010815640688874094,0.9229171776472497
span,18,81,0.01084040536169921,0.0010484285312435645,0.9239656061784932
span,18,82,0.010804470985814081,0.0010414892737694891,0.9250070954522627
span,18,83,0.010764167233278662,0.0010337336631640911,0.9260408291154267
span,18,84,0.01066586143310658,0.0010149383450385155,0.9270557674604653
span,18,85,0.010603193782822762,0.0010030467695741666,0.9280588142300394
span,18,86,0.010511617573089754,0.0009857956352598484,0.9290446098652992
span,18,87,0.010470863689600641,0.000978166529597966,0.9300227763948972
span,18,88,0.010364278906907574,0.000958354021020326,0.9309811304159175
span,18,89,0.010299379646368977,0.0009463895155725091,0.9319275199314899
span,18,90,0.010248708741289985,0.0009371003249896393,0.9328646202564795
span,18,91,0.010189528073636144,0.0009263090918911454,0.9337909293483707
span,18,92,0.0099951803888379,0.0008913105751703106,0.934682239923541
span,18,93,0.00991466910568029,0.0008770093741327372,0.9355592492976738
span,18,94,0.009785543952127171,0.0008543144068796022,0.9364135637045533
span,18,95,0.0097467776948004,0.0008475589375282826,0.9372611226420816
span,18,96,0.009659691275935186,0.000832480902753885,0.9380936035448355
span,18,97,0.009541515740008505,0.000812236549971026,0.9389058400948065
span,18,98,0.009515903918032023,0.0008078819089596933,0.9397137220037661
span,18,99,0.009472513285663139,0.0008005311440896609,0.9405142531478557
span,18,100,0.009408822170325544,0.0007898021415336354,0.9413040552893894
span,18,101,0.009326735048800633,0.0007760810258039125,0.9420801363151934
span,18,102,0.009278550658899855,0.0007680828583164221,0.9428482191735098
span,18,103,0.009246442800415613,0.000762776248087443,0.9436109954215972
span,18,104,0.009143232237055201,0.0007458427770269828,0.9443568381986241
span,18,105,0.00911164259665905,0.0007406979434851007,0.9450975361421092
span,18,106,0.009074643534949304,0.000734694747572622,0.9458322308896818
span,18,107,0.008937874496632978,0.0007127156423501604,0.946544946532032
span,18,108,0.008923487778553531,0.0007104230644645279,0.9472553695964966
span,18,109,0.00888140527075217,0.0007037382590777847,0.9479591078555744
span,18,110,0.008831813904496442,0.0006959012318398923,0.9486550090874143
span,18,111,0.008791456851053992,0.000689555908610542,0.9493445649960248
span,18,112,0.008716955518076646,0.0006779184380214602,0.9500224834340463
span,18,113,0.008693179003026128,0.0006742252781072821,0.9506967087121535
span,18,114,0.008581343768338726,0.0006569894363507058,0.9513536981485042
span,18,115,0.008543586738521007,0.0006512207832005982,0.9520049189317048
span,18,116,0.008453052091409076,0.0006374922023579305,0.9526424111340628
span,18,117,0.008379244111506746,0.0006264082545956134,0.9532688193886584
span,18,118,0.0083524509925158,0.0006224087057860836,0.9538912280944445
span,18,119,0.008302922774862052,0.0006150490946285715,0.9545062771890731
span,18,120,0.008296658771375738,0.0006141214173549631,0.9551203986064281
span,18,121,0.008199569804174646,0.0005998324010016039,0.9557202310074296
span,18,122,0.008141370770668363,0.0005913476205433879,0.956311578627973
span,18,123,0.008118641291505043,0.0005880503230384536,0.9568996289510114
span,18,124,0.00809136860403359,0.0005841061223724284,0.9574837350733839
span,18,125,0.008057407830946122,0.0005792132377315823,0.9580629483111155
span,18,126,0.00799557988209241,0.0005703582390953415,0.9586333065502108
span,18,127,0.007947658930304973,0.0005635419221977189,0.9591968484724086
span,18,128,0.007887941513721596,0.0005551050138115058,0.9597519534862201
span,18,129,0.007876529219366319,0.0005534999210146965,0.9603054534072348
span,18,130,0.007797822782908627,0.0005424934617265612,0.9608479468689614
span,18,131,0.007792906198213679,0.0005418095851430841,0.9613897564541044
span,18,132,0.007737214327465236,0.0005340931907087887,0.9619238496448131
span,18,133,0.007646898093861534,0.0005216970627816755,0.9624455467075949
span,18,134,0.007557028927689046,0.0005095067661134516,0.9629550534737084
span,18,135,0.007549050581637667,0.0005084315087582397,0.9634634849824666
span,18,136,0.0075246685680257315,0.0005051525362527422,0.9639686375187193
span,18,137,0.007483428635883328,0.0004996306003361198,0.9644682681190554
span,18,138,0.007438623650437687,0.0004936657069682521,0.9649619338260237
span,18,139,0.007382747444644419,0.0004862770913134524,0.9654482109173371
span,18,140,0.007365507747053242,0.00048400869948856485,0.9659322196168257
span,18,141,0.007344120614997674,0.00048120196043329664,0.9664134215772591
span,18,142,0.007327264747524539,0.000478995632726,0.9668924172099851
span,18,143,0.0072852612832042295,0.0004735196988480638,0.9673659369088331
span,18,144,0.007272526810764694,0.00047186574214074574,0.9678378026509739
span,18,145,0.007217264049591234,0.000464721725066261,0.9683025243760401
span,18,146,0.007214926707883809,0.0004644207695863307,0.9687669451456264
span,18,147,0.007162133377898615,0.00045764908173632476,0.9692245942273627
span,18,148,0.007106884224864188,0.000450615646630414,0.9696752098739931
span,18,149,0.007040819587049881,0.0004422768611050587,0.9701174867350982
span,18,150,0.007022452861343748,0.0004399724183884796,0.9705574591534867
span,18,151,0.007002975476241954,0.0004375351992994976,0.9709949943527861
span,18,152,0.006977732274578287,0.00043438657110089394,0.971429380923887
span,18,153,0.006879045549196708,0.00042218631974047846,0.9718515672436274
span,18,154,0.006867374805447306,0.00042075500237620387,0.9722723222460036
span,18,155,0.00681278693249277,0.00041409253354213475,0.9726864147795458
span,18,156,0.006790942171846723,0.0004114412690713007,0.9730978560486171
span,18,157,0.006770893698097766,0.0004090155104325951,0.9735068715590497
span,18,158,0.006741414807205431,0.0004054617472942829,0.973912333306344
span,18,159,0.006729637587184998,0.00040404630522239025,0.9743163796115664
span,18,160,0.006620482001732693,0.0003910452409359516,0.9747074248525023
span,18,161,0.006611593889169864,0.0003899959756242871,0.9750974208281266
span,18,162,0.006595939487452805,0.00038815135959792944,0.9754855721877245
span,18,163,0.006573735132127651,0.000385542438169025,0.9758711146258935
span,18,164,0.00655082281624252,0.00038285955686370184,0.9762539741827572
span,18,165,0.006513359331766994,0.0003784930094333276,0.9766324671921905
span,18,166,0.006502660557162994,0.0003772506134803248,0.9770097178056709
span,18,167,0.0064709849103607294,0.00037358425181103306,0.9773833020574819
span,18,168,0.00642298737653478,0.00036806279801688635,0.9777513648554989
span,18,169,0.0064120583381699105,0.00036681130867113117,0.97811817616417
span,18,170,0.006373031282351889,0.0003623596961776103,0.9784805358603476
span,18,171,0.0063656082328499815,0.0003615160638934503,0.978842051924241
span,18,172,0.006309225321965793,0.0003551402219156195,0.9791971921461566
span,18,173,0.006296728209265712,0.0003537347143924018,0.979550926860549
span,18,174,0.006261347944863218,0.000349770729662121,0.9799006975902111
span,18,175,0.0062210970724883964,0.0003452882044021839,0.9802459857946133
span,18,176,0.006188841091165262,0.000341716893473071,0.9805877026880864
span,18,177,0.006164719466676496,0.0003390583333443441,0.9809267610214307
span,18,178,0.006145603836405543,0.0003369588817437225,0.9812637199031744
span,18,179,0.006112169321837757,0.00033330247594914826,0.9815970223791235
span,18,180,0.0060656229256980665,0.00032824536585472283,0.9819252677449782
span,18,181,0.006020407129752413,0.00032336983806123407,0.9822486375830395
span,18,182,0.006017116144548472,0.00032301640200223643,0.9825716539850418
span,18,183,0.005985516482831813,0.00031963258605117464,0.9828912865710929
span,18,184,0.0059500500406667045,0.00031585592118386213,0.9832071424922768
span,18,185,0.005936795110870783,0.0003144502238424196,0.9835215927161193
span,18,186,0.005900533070213323,0.0003106206211911758,0.9838322133373104
span,18,187,0.005889510102736633,0.00030946114534016565,0.9841416744826506
span,18,188,0.0058710644386390665,0.00030752574585585273,0.9844492002285065
span,18,189,0.005840555178970267,0.0003043379066017028,0.9847535381351081
span,18,190,0.005809934851431453,0.0003011551618484638,0.9850546932969566
span,18,191,0.005778341374698959,0.00029788880186751136,0.9853525820988241
span,18,192,0.005763496541385626,0.0002963601869870518,0.9856489422858112
span,18,193,0.005724406045794431,0.00029235373717210794,0.9859412960229833
span,18,194,0.005705615222176115,0.00029043753803224603,0.9862317335610156
span,18,195,0.005702319618659532,0.00029010211739792876,0.9865218356784135
span,18,196,0.005672409161547677,0.0002870667456557956,0.9868089024240693
span,18,197,0.00564192142424136,0.000283989218852482,0.9870928916429218
span,18,198,0.005621287122777004,0.00028191573965263334,0.9873748073825744
span,18,199,0.005600373903177272,0.0002798219848047635,0.9876546293673792
span,18,200,0.005540402871428403,0.00027386118166191096,0.9879284905490412
span,18,201,0.00552246340823093,0.0002720905635888272,0.98820058111263
span,18,202,0.005499213176828956,0.0002698043187969801,0.988470385431427
span,18,203,0.005461364251483001,0.0002661031850981567,0.9887364886165251
span,18,204,0.005446030681208494,0.0002646110363718063,0.9890010996528968
span,18,205,0.005443152301674773,0.0002643314016216052,0.9892654310545185
span,18,206,0.005423850711504989,0.0002624600703983984,0.9895278911249169
span,18,207,0.005397784238278426,0.0002599434196992286,0.9897878345446162
span,18,208,0.005370103883126782,0.0002572842259639821,0.9900451187705801
span,18,209,0.005334176839299412,0.00025385317822976505,0.9902989719488099
span,18,210,0.00531626516754603,0.0002521512096427447,0.9905511231584526
span,18,211,0.0052993645867030524,0.0002505505640608685,0.9908016737225135
span,18,212,0.005279567261300327,0.0002486820510461178,0.9910503557735596
span,18,213,0.005272017345226935,0.00024797131622087353,0.9912983270897805
span,18,214,0.005243666047734272,0.00024531145959610787,0.9915436385493765
span,18,215,0.005222578977281069,0.00024334241780748803,0.991786980967184
span,18,216,0.005195456996013462,0.00024082152110165193,0.9920278024882856
span,18,217,0.005168438098468899,0.0002383232565877899,0.9922661257448734
span,18,218,0.005134516560716715,0.00023520519200173352,0.9925013309368751
span,18,219,0.005102614185085446,0.00023229146364450704,0.9927336224005195
span,18,220,0.005093458829203391,0.00023145863442507587,0.9929650810349446
span,18,221,0.005075720194896187,0.00022984927199046052,0.9931949303069351
span,18,222,0.005046441165154775,0.00022720517292039956,0.9934221354798555
span,18,223,0.005033312905248128,0.0002260245671852738,0.9936481600470407
span,18,224,0.005017910161427571,0.0002246433410416294,0.9938728033880824
span,18,225,0.004997942490234396,0.0002228590605395774,0.9940956624486219
span,18,226,0.004950302868330753,0.00021863079181950112,0.9943142932404414
span,18,227,0.004933952972256903,0.00021718898604410552,0.9945314822264855
span,18,228,0.0049252605664436315,0.00021642439351011574,0.9947479066199956
span,18,229,0.004898785174097077,0.0002141038988840256,0.9949620105188796
span,18,230,0.0048602673185115545,0.00021075025039019054,0.9951727607692697
span,18,231,0.004840656674560611,0.00020905297332406709,0.9953818137425938
span,18,232,0.004836236819596631,0.00020867138790979566,0.9955904851305036
span,18,233,0.004821301922146775,0.0002073845717969969,0.9957978697023007
span,18,234,0.0047892685058209174,0.0002046379414755996,0.9960025076437763
span,18,235,0.004770348627359472,0.0002030243015624919,0.9962055319453388
span,18,236,0.004757814680696945,0.00020195882274325243,0.996407490768082
span,18,237,0.004709552785251311,0.0001978823795471024,0.9966053731476291
span,18,238,0.004672651588943523,0.00019479355584445888,0.9968001667034736
span,18,239,0.004651323212275653,0.00019301933907629425,0.9969931860425499
span,18,240,0.004636833869936557,0.00019181866257348678,0.9971850047051234
span,18,241,0.004605861894483611,0.0001892646951663301,0.9973742694002897
span,18,242,0.004592021658485406,0.00018812895446711645,0.9975623983547568
span,18,243,0.004565427482152676,0.0001859562090342256,0.9977483545637911
span,18,244,0.0045485776714042124,0.00018458610961078758,0.9979329406734019
span,18,245,0.004544572176897596,0.0001842611583137284,0.9981172018317156
span,18,246,0.004494095007771183,0.00018019066381175214,0.9982973924955273
span,18,247,0.0044600341136525595,0.00017746967232251798,0.9984748621678499
span,18,248,0.004448772382846759,0.00017657457047337536,0.9986514367383232
span,18,249,0.004433677199366452,0.00017537832878402126,0.9988268150671072
span,18,250,0.004414780525183817,0.00017388656265665154,0.9990007016297638
span,18,251,0.004379326965739019,0.0001711049324116941,0.9991718065621755
span,18,252,0.004349262841163298,0.00016876372207260047,0.9993405702842482
span,18,253,0.004322950792129438,0.0001667279346635652,0.9995072982189117
span,18,254,0.0043106639361618635,0.0001657815205281414,0.9996730797394399
span,18,255,0.004292446528118064,0.00016438325428949987,0.9998374629937293
span,18,256,0.004268273449488657,0.0001625370062696826,0.999999999999999
high_v4,18,1,0.15920312721605168,0.4610109087846386,0.4610109087846386
high_v4,18,2,0.07501748454603069,0.10236064373969969,0.5633715525243382
high_v4,18,3,0.05417499984600941,0.053383353337580146,0.6167549058619184
high_v4,18,4,0.04854930032876129,0.04287202174990317,0.6596269276118215
high_v4,18,5,0.03881193631477483,0.027399247391415773,0.6870261750032373
high_v4,18,6,0.03613853694001786,0.023754677902540697,0.710780852905778
high_v4,18,7,0.032884287074434984,0.019669117522935584,0.7304499704287135
high_v4,18,8,0.030062922384396323,0.01643881109034085,0.7468887815190544
high_v4,18,9,0.026051002487148874,0.012344027887548877,0.7592328094066032
high_v4,18,10,0.025648943881375414,0.011965944610650738,0.7711987540172539
high_v4,18,11,0.023832046307161604,0.010330722162228486,0.7815294761794824
high_v4,18,12,0.022529037143328486,0.009231946426454958,0.7907614226059374
high_v4,18,13,0.021402819349377624,0.008332013888230936,0.7990934364941683
high_v4,18,14,0.02064107383926629,0.00774948047525927,0.8068429169694276
high_v4,18,15,0.020197953949308494,0.007420322295098242,0.8142632392645258
high_v4,18,16,0.01936191197273006,0.0068187457324480755,0.8210819849969739
high_v4,18,17,0.01831394257478114,0.00610058819008045,0.8271825731870543
high_v4,18,18,0.017895766451224152,0.005825170215051511,0.8330077434021058
high_v4,18,19,0.017305555817770404,0.005447272713717787,0.8384550161158236
high_v4,18,20,0.016343944658171537,0.004858718965622861,0.8433137350814465
high_v4,18,21,0.016020179959766286,0.004668128411782623,0.8479818634932291
high_v4,18,22,0.015537096815149512,0.004390841470570178,0.8523727049637994
high_v4,18,23,0.014879925695919427,0.00402725879446366,0.856399963758263
high_v4,18,24,0.014738367320717207,0.00395099759916303,0.8603509613574261
high_v4,18,25,0.0143557113705296,0.003748499433488076,0.8640994607909142
high_v4,18,26,0.013895085463790605,0.0035118055280574257,0.8676112663189716
high_v4,18,27,0.013740354595465134,0.0034340284970399287,0.8710452948160115
high_v4,18,28,0.013027347040825728,0.0030868816479046263,0.874132176463916
high_v4,18,29,0.012877469584781658,0.003016262113679586,0.8771484385775956
high_v4,18,30,0.01252340699465764,0.0028526796442827716,0.8800011182218784
high_v4,18,31,0.012463527717233224,0.0028254653205610726,0.8828265835424395
high_v4,18,32,0.012185843486130922,0.002700966546009546,0.8855275500884491
high_v4,18,33,0.011882655414724922,0.0025682365354003853,0.8880957866238495
high_v4,18,34,0.011779501360644788,0.002523840044795138,0.8906196266686446
high_v4,18,35,0.011588864240574807,0.002442810421351982,0.8930624370899966
high_v4,18,36,0.011171503905959099,0.002270028432856183,0.8953324655228527
high_v4,18,37,0.011046354202440272,0.00221945295119915,0.8975519184740519
high_v4,18,38,0.010831756239927427,0.0021340557931143656,0.8996859742671662
high_v4,18,39,0.010608020391448337,0.0020468061126370264,0.9017327803798033
high_v4,18,40,0.010571969910402946,0.0020329179486910033,0.9037656983284943
high_v4,18,41,0.010416595006316535,0.001973601979356866,0.9057393003078512
high_v4,18,42,0.010221976628546025,0.0019005433535981661,0.9076398436614493
high_v4,18,43,0.00995890454993734,0.0018039776531214233,0.9094438213145708
high_v4,18,44,0.009935870229476394,0.0017956423299024106,0.9112394636444732
high_v4,18,45,0.00969132345965726,0.001708339533979548,0.9129478031784527
high_v4,18,46,0.00959982991874139,0.0016762357190474584,0.9146240388975001
high_v4,18,47,0.009518899759701766,0.0016480922622321007,0.9162721311597322
high_v4,18,48,0.009244754700052362,0.0015545288904982415,0.9178266600502304
high_v4,18,49,0.009193735363475685,0.001537418174848997,0.9193640782250794
high_v4,18,50,0.00894531855992938,0.0014554578606430558,0.9208195360857224
high_v4,18,51,0.008906500926332685,0.00144285353669563,0.922262389622418
high_v4,18,52,0.008856660672029757,0.001426750472292866,0.9236891400947109
high_v4,18,53,0.00869720270033944,0.0013758376745570873,0.925064977769268
high_v4,18,54,0.00865560970348538,0.0013627096887501742,0.9264276874580182
high_v4,18,55,0.00857500763487288,0.0013374484269929323,0.9277651358850111
high_v4,18,56,0.008334057128376841,0.0012633420733516435,0.9290284779583627
high_v4,18,57,0.008301701014888023,0.0012535515262448434,0.9302820294846076
high_v4,18,58,0.008231819910365196,0.0012325363457900151,0.9315145658303976
high_v4,18,59,0.008117940281890704,0.0011986702258438024,0.9327132360562415
high_v4,18,60,0.008023866290021053,0.0011710498410094866,0.9338842858972509
high_v4,18,61,0.007926438443807228,0.0011427841179065506,0.9350270700151575
high_v4,18,62,0.007907621915984448,0.0011373648602904939,0.936164434875448
high_v4,18,63,0.007774991696981685,0.0010995320203774019,0.9372639668958254
high_v4,18,64,0.007708766823440902,0.001080880873560159,0.9383448477693855
high_v4,18,65,0.007648869348263428,0.0010641491413739693,0.9394089969107595
high_v4,18,66,0.007578346909465796,0.001044616730479586,0.9404536136412391
high_v4,18,67,0.007439693911855624,0.0010067419122500932,0.9414603555534893
high_v4,18,68,0.007388803573771282,0.0009930160227765205,0.9424533715762659
high_v4,18,69,0.0073477690707726175,0.0009820170106584175,0.9434353885869242
high_v4,18,70,0.007265663742767509,0.0009601931489431067,0.9443955817358674
high_v4,18,71,0.007213333997044344,0.0009464116918193375,0.9453419934276867
high_v4,18,72,0.0070989092693940405,0.0009166240851695941,0.9462586175128562
high_v4,18,73,0.007067539522316955,0.0009085409465487048,0.9471671584594049
high_v4,18,74,0.006986704913567754,0.0008878770196510624,0.948055035479056
high_v4,18,75,0.006948682562608822,0.0008782394833125451,0.9489332749623686
high_v4,18,76,0.006929842730561146,0.0008734836309787603,0.9498067585933473
high_v4,18,77,0.006878680750243824,0.0008606336465153558,0.9506673922398626
high_v4,18,78,0.0067133597171786545,0.0008197621271224867,0.9514871543669852
high_v4,18,79,0.006675063481694791,0.0008104361675147113,0.9522975905344999
high_v4,18,80,0.006644022528623934,0.0008029161736859695,0.9531005067081859
high_v4,18,81,0.006537636851047235,0.0007774090632467059,0.9538779157714327
high_v4,18,82,0.006517389020021796,0.0007726010654702574,0.9546505168369029
high_v4,18,83,0.0064751978636041485,0.0007626303787170819,0.95541314721562
high_v4,18,84,0.006418013942549417,0.0007492199376498393,0.9561623671532699
high_v4,18,85,0.006369935238927122,0.0007380368516622009,0.956900404004932
high_v4,18,86,0.006329241815404942,0.0007286372852615689,0.9576290412901937
high_v4,18,87,0.006219305487043683,0.0007035448568388526,0.9583325861470325
high_v4,18,88,0.006099577250713412,0.0006767176214509135,0.9590093037684835
high_v4,18,89,0.0060775509014416845,0.0006718390192021467,0.9596811427876856
high_v4,18,90,0.006045917489841944,0.0006648634294621157,0.9603460062171477
high_v4,18,91,0.006022686163159626,0.0006597637949654069,0.9610057700121132
high_v4,18,92,0.005966266829852116,0.0006474606194168608,0.9616532306315301
high_v4,18,93,0.005879940634911,0.0006288598912319974,0.962282090522762
high_v4,18,94,0.005849418552037752,0.0006223481600065041,0.9629044386827685
high_v4,18,95,0.005788154977343677,0.0006093801664652557,0.9635138188492338
high_v4,18,96,0.005753735507479262,0.0006021543131749107,0.9641159731624087
high_v4,18,97,0.005686576243701745,0.0005881793137282599,0.964704152476137
high_v4,18,98,0.005619105379250083,0.0005743046955891645,0.9652784571717261
high_v4,18,99,0.005554991891265947,0.0005612739320002695,0.9658397311037263
high_v4,18,100,0.005519100817670517,0.0005540445259556088,0.966393775629682
high_v4,18,101,0.005455414404547241,0.0005413317571656475,0.9669351073868476
high_v4,18,102,0.0054404319306907995,0.000538362467875856,0.9674734698547235
high_v4,18,103,0.005418189939020356,0.0005339695164900333,0.9680074393712135
high_v4,18,104,0.005366039441062328,0.000523739988621085,0.9685311793598346
high_v4,18,105,0.00534824491627462,0.0005202721604019425,0.9690514515202365
high_v4,18,106,0.005323474740049311,0.0005154640822549265,0.9695669156024914
high_v4,18,107,0.005262374152092109,0.0005036994300373337,0.9700706150325288
high_v4,18,108,0.0052370216407554345,0.0004988577809820963,0.9705694728135109
high_v4,18,109,0.005198923116008307,0.0004916259553837578,0.9710610987688947
high_v4,18,110,0.005166914728287852,0.0004855909699900498,0.9715466897388847
high_v4,18,111,0.00512741244959202,0.00047819443818182707,0.9720248841770666
high_v4,18,112,0.005101089933627764,0.000473297242454054,0.9724981814195206
high_v4,18,113,0.005085699658408538,0.0004704456219047399,0.9729686270414254
high_v4,18,114,0.005050854117657124,0.0004640210299318829,0.9734326480713573
high_v4,18,115,0.005002469109863383,0.00045517336892025547,0.9738878214402775
high_v4,18,116,0.004960779096460272,0.0004476182553361708,0.9743354396956136
high_v4,18,117,0.0049371806014483904,0.00044336973206456765,0.9747788094276783
high_v4,18,118,0.004879954836144248,0.0004331512966229912,0.9752119607243013
high_v4,18,119,0.004817074766684914,0.0004220605764544159,0.9756340213007557
high_v4,18,120,0.004784743430770959,0.0004164140009209466,0.9760504353016767
high_v4,18,121,0.004778201677263718,0.0004152761277639256,0.9764657114294406
high_v4,18,122,0.004711819070206155,0.0004038175826240108,0.9768695290120646
high_v4,18,123,0.0046911835508630035,0.00040028827126331764,0.977269817283328
high_v4,18,124,0.004646198481076567,0.00039264812733539554,0.9776624654106634
high_v4,18,125,0.004601195103601955,0.0003850785354636661,0.978047543946127
high_v4,18,126,0.004573977175352385,0.0003805362198607803,0.9784280801659878
high_v4,18,127,0.004533431534765435,0.0003738196581938298,0.9788018998241816
high_v4,18,128,0.004524535376728733,0.000372353971204293,0.9791742537953859
high_v4,18,129,0.004482374177028094,0.0003654468547958202,0.9795397006501817
high_v4,18,130,0.004437096145330168,0.0003581011306118847,0.9798978017807936
high_v4,18,131,0.004399337535983237,0.000352032355746373,0.9802498341365399
high_v4,18,132,0.004392456334887478,0.0003509319578269905,0.9806007660943669
high_v4,18,133,0.0043533655178143345,0.0003447134900476426,0.9809454795844145
high_v4,18,134,0.00432183107433593,0.0003397375801262095,0.9812852171645406
high_v4,18,135,0.004261172776184109,0.0003302678513103943,0.981615485015851
high_v4,18,136,0.004245990181860686,0.0003279185498244768,0.9819434035656756
high_v4,18,137,0.0042094042314934094,0.0003222918178925093,0.9822656953835681
high_v4,18,138,0.004155854429532927,0.0003141439260235595,0.9825798393095917
high_v4,18,139,0.004141862553356344,0.00031203217562637337,0.9828918714852181
high_v4,18,140,0.004100368357599209,0.0003058114629521623,0.9831976829481702
high_v4,18,141,0.004070811158174263,0.00030141851510761966,0.9834991014632778
high_v4,18,142,0.0040451098767634325,0.0002976244864825163,0.9837967259497603
high_v4,18,143,0.003999586411206504,0.00029096327867507904,0.9840876892284354
high_v4,18,144,0.00397119001157636,0.0002868463634846726,0.98437453559192
high_v4,18,145,0.003959295946314744,0.0002851306762060825,0.9846596662681261
high_v4,18,146,0.003936527788289638,0.00028186078460955884,0.9849415270527356
high_v4,18,147,0.003910027093468795,0.0002780785863446625,0.9852196056390803
high_v4,18,148,0.003904166122667614,0.00027724555428302987,0.9854968511933633
high_v4,18,149,0.0038671102313974507,0.0002720076491295993,0.9857688588424929
high_v4,18,150,0.003836869005255884,0.0002677700242185413,0.9860366288667114
high_v4,18,151,0.0038177467399887846,0.00026510763990134355,0.9863017365066128
high_v4,18,152,0.003799029595640075,0.000262514542642685,0.9865642510492555
high_v4,18,153,0.0037825453772164126,0.0002602413522703909,0.9868244924015259
high_v4,18,154,0.003732013068263453,0.0002533344927514066,0.9870778268942774
high_v4,18,155,0.003704183376339889,0.00024957033976305223,0.9873273972340404
high_v4,18,156,0.00370038940280269,0.0002490593616278638,0.9875764565956683
high_v4,18,157,0.0036784973176474415,0.00024612113029646705,0.9878225777259647
high_v4,18,158,0.0036168334718877154,0.00023793867560997187,0.9880605164015747
high_v4,18,159,0.003593706720040094,0.00023490554958183988,0.9882954219511565
high_v4,18,160,0.0035710749709287615,0.00023195618068754857,0.988527378131844
high_v4,18,161,0.003530700474126449,0.00022674084734276343,0.9887541189791867
high_v4,18,162,0.0035073427226956764,0.00022375071112072642,0.9889778696903074
high_v4,18,163,0.0034896467469925385,0.00022149857960956763,0.989199368269917
high_v4,18,164,0.00345933576858835,0.00021766742933211047,0.9894170356992491
high_v4,18,165,0.003444169146070795,0.00021576299268681045,0.9896327986919359
high_v4,18,166,0.0034111730204622647,0.00021164865344411134,0.98984444734538
high_v4,18,167,0.0033881204297141906,0.00020879769071947005,0.9900532450360995
high_v4,18,168,0.003375805231946234,0.00020728256653705388,0.9902605276026365
high_v4,18,169,0.003360992991775728,0.00020546754284422666,0.9904659951454807
high_v4,18,170,0.0033483112154457225,0.00020391991837936694,0.99066991506386
high_v4,18,171,0.003293264656453666,0.00019727010698411377,0.9908671851708442
high_v4,18,172,0.003272691715792522,0.00019481312269373024,0.9910619982935379
high_v4,18,173,0.003260284323602175,0.00019333877610559,0.9912553370696435
high_v4,18,174,0.0032126567233827065,0.00018773128795265628,0.9914430683575962
high_v4,18,175,0.0032088357243043927,0.00018728499408177552,0.991630353351678
high_v4,18,176,0.0031810275878292275,0.00018405299322079639,0.9918144063448988
high_v4,18,177,0.003149256783113614,0.00018039486057992596,0.9919948012054788
high_v4,18,178,0.003119677307407876,0.00017702204815377517,0.9921718232536325
high_v4,18,179,0.0031062766700674293,0.00017550451085688093,0.9923473277644894
high_v4,18,180,0.0030717317218682642,0.00017162264026707866,0.9925189504047565
high_v4,18,181,0.003055285572181765,0.0001697898137548151,0.9926887402185113
high_v4,18,182,0.003041116051531546,0.0001682185946829372,0.9928569588131942
high_v4,18,183,0.0030237695509834116,0.0001663050328454346,0.9930232638460397
high_v4,18,184,0.0030079705732819787,0.00016457170936006707,0.9931878355553997
high_v4,18,185,0.0029892927902178106,0.00016253426169863676,0.9933503698170983
high_v4,18,186,0.0029754298595905185,0.00016103024271500263,0.9935114000598133
high_v4,18,187,0.0029433362097788605,0.00015757516119655645,0.9936689752210098
high_v4,18,188,0.0029211667952142297,0.00015521036645302984,0.9938241855874629
high_v4,18,189,0.0028801282135220508,0.00015087999344190098,0.9939750655809048
high_v4,18,190,0.002836499865936702,0.00014634353730347724,0.9941214091182082
high_v4,18,191,0.002818228224358594,0.00014446423213802803,0.9942658733503462
high_v4,18,192,0.0028093701194275168,0.00014355751478557703,0.9944094308651318
high_v4,18,193,0.0027993975915154524,0.00014254014056689558,0.9945519710056987
high_v4,18,194,0.002785624038101408,0.00014114094355031968,0.994693111949249
high_v4,18,195,0.00275996767595542,0.00013855302274074651,0.9948316649719898
high_v4,18,196,0.0027264969231179693,0.00013521287193334324,0.9949668778439231
high_v4,18,197,0.002698334024173554,0.00013243398050450953,0.9950993118244277
high_v4,18,198,0.0026848050920072596,0.00013110931222702813,0.9952304211366547
high_v4,18,199,0.0026647611601328344,0.00012915897593628002,0.995359580112591
high_v4,18,200,0.0026303712661140807,0.00012584678261733006,0.9954854268952082
high_v4,18,201,0.002609691943474749,0.00012387580883014884,0.9956093027040384
high_v4,18,202,0.0025922169099016064,0.00012222236757091864,0.9957315250716092
high_v4,18,203,0.002590019636164803,0.00012201525359251461,0.9958535403252018
high_v4,18,204,0.0025776978990372473,0.0001208570665012647,0.995974397391703
high_v4,18,205,0.0025528666986613592,0.00011853982718732192,0.9960929372188904
high_v4,18,206,0.002538792115693709,0.00011723635177494057,0.9962101735706653
high_v4,18,207,0.002512228412537738,0.00011479586889444629,0.9963249694395597
high_v4,18,208,0.002487703086691192,0.00011256544785002764,0.9964375348874097
high_v4,18,209,0.002476341877203593,0.00011153963463878276,0.9965490745220486
high_v4,18,210,0.002456337010401727,0.00010974479140643909,0.996658819313455
high_v4,18,211,0.0024251304720912877,0.00010697399886495977,0.99676579331232
high_v4,18,212,0.002396513743870383,0.00010446429110478075,0.9968702576034247
high_v4,18,213,0.0023932554867815373,0.00010418042865134018,0.9969744380320761
high_v4,18,214,0.002365163103928387,0.00010174901284532229,0.9970761870449214
high_v4,18,215,0.0023387984002529046,9.949324362265032e-05,0.9971756802885441
high_v4,18,216,0.002317633565117893,9.770067345191201e-05,0.997273380961996
high_v4,18,217,0.0022888964856892327,9.529285049680265e-05,0.9973686738124928
high_v4,18,218,0.0022735553722533384,9.401974852837171e-05,0.9974626935610212
high_v4,18,219,0.002264005879357199,9.32315950001753e-05,0.9975559251560214
high_v4,18,220,0.0022359425720652184,9.093462986044316e-05,0.9976468597858819
high_v4,18,221,0.0022326528551427508,9.06672445286186e-05,0.9977375270304105
high_v4,18,222,0.0022181350879836247,8.949195533448195e-05,0.997827018985745
high_v4,18,223,0.002206399253579408,8.854748231369723e-05,0.9979155664680587
high_v4,18,224,0.0021806909151446917,8.64960434318194e-05,0.9980020625114905
high_v4,18,225,0.0021524454453798318,8.426986909574511e-05,0.9980863323805862
high_v4,18,226,0.0021312909927999803,8.262158318085108e-05,0.998168953963767
high_v4,18,227,0.0021146290459131433,8.133479942351425e-05,0.9982502887631906
high_v4,18,228,0.0021128098269523206,8.11949146886921e-05,0.9983314836778793
high_v4,18,229,0.002080339965344273,7.871846888434421e-05,0.9984102021467636
high_v4,18,230,0.002070395052101881,7.796765201596916e-05,0.9984881697987795
high_v4,18,231,0.0020574638286455257,7.699675655285176e-05,0.9985651665553323
high_v4,18,232,0.0020464153086122735,7.61720362559939e-05,0.9986413385915883
high_v4,18,233,0.0020085683721560005,7.338059909805215e-05,0.9987147191906863
high_v4,18,234,0.0019971420080938064,7.25480772940705e-05,0.9987872672679804
high_v4,18,235,0.0019890594321726874,7.19620510736961e-05,0.9988592293190541
high_v4,18,236,0.0019504893054703768,6.91982577926612e-05,0.9989284275768467
high_v4,18,237,0.0019381042129354323,6.83222664437256e-05,0.9989967498432905
high_v4,18,238,0.0018946314558060074,6.529162842674435e-05,0.9990620414717172
high_v4,18,239,0.0018741677092976828,6.388882713882493e-05,0.999125930298856
high_v4,18,240,0.001837059670318606,6.138390874883266e-05,0.9991873142076049
high_v4,18,241,0.001809682947004573,5.9567997609766105e-05,0.9992468822052146
high_v4,18,242,0.001786897267376925,5.807740229747541e-05,0.9993049596075121
high_v4,18,243,0.001765987664676465,5.6726154694368045e-05,0.9993616857622064
high_v4,18,244,0.0017498640876396098,5.5695056645592474e-05,0.999417380818852
high_v4,18,245,0.0017342633106095333,5.470639367106845e-05,0.9994720872125231
high_v4,18,246,0.0017155945224373752,5.35349394007791e-05,0.9995256221519239
high_v4,18,247,0.001704141660493692,5.2822554603725666e-05,0.9995784447065276
high_v4,18,248,0.0016885264539236425,5.1858953864623075e-05,0.9996303036603922
high_v4,18,249,0.0016701198037162375,5.0734486027732924e-05,0.99968103814642
high_v4,18,250,0.0016470938103366696,4.9345173896061724e-05,0.999730383320316
high_v4,18,251,0.0016261978879147825,4.810107681886659e-05,0.9997784843971349
high_v4,18,252,0.0016049812945918322,4.685413925672487e-05,0.9998253385363917
high_v4,18,253,0.0015795729940558756,4.538239520864014e-05,0.9998707209316003
high_v4,18,254,0.001557616887139264,4.412953055762164e-05,0.999914850462158
high_v4,18,255,0.0015547516041223446,4.396732469416346e-05,0.9999588177868521
high_v4,18,256,0.0015047031643237064,4.1182213147557967e-05,0.9999999999999997
low_v4,18,1,0.10121074566436548,0.1764898384781848,0.1764898384781848
low_v4,18,2,0.09028261931239404,0.1404348056678147,0.3169246441459995
low_v4,18,3,0.07282579248595421,0.09137699991307276,0.40830164405907227
low_v4,18,4,0.05965164591779766,0.06130717707112438,0.46960882113019664
low_v4,18,5,0.05007096095086832,0.043195480495838046,0.5128043016260346
low_v4,18,6,0.045226025420569374,0.035240600618193695,0.5480449022442283
low_v4,18,7,0.03963609569257597,0.027067502971106307,0.5751124052153346
low_v4,18,8,0.03481444298127929,0.02088263793188959,0.5959950431472242
low_v4,18,9,0.03382118967243995,0.019708075466507446,0.6157031186137316
low_v4,18,10,0.032112327904888445,0.017766833657945697,0.6334699522716774
low_v4,18,11,0.030557737505877345,0.016088251564730562,0.6495582038364079
low_v4,18,12,0.029397142903832586,0.014889383079557025,0.664447586915965
low_v4,18,13,0.02889112072047377,0.0143812035920626,0.6788287905080276
low_v4,18,14,0.027849426288223452,0.013362845971051257,0.6921916364790789
low_v4,18,15,0.02642780402117194,0.012033407163738035,0.7042250436428169
low_v4,18,16,0.02584382088845241,0.011507471331062029,0.7157325149738789
low_v4,18,17,0.024839800397160244,0.010630719522738044,0.726363234496617
low_v4,18,18,0.023147096832116944,0.009231228762721082,0.7355944632593381
low_v4,18,19,0.022772037573839058,0.008934499730669648,0.7445289629900077
low_v4,18,20,0.02226874608435529,0.008543935936197412,0.7530728989262051
low_v4,18,21,0.021165216893628363,0.007718126693850683,0.7607910256200557
low_v4,18,22,0.020758643212851414,0.007424451691249841,0.7682154773113056
low_v4,18,23,0.0199597274530961,0.00686397463824455,0.7750794519495501
low_v4,18,24,0.019314665906093924,0.006427481826585411,0.7815069337761354
low_v4,18,25,0.019002744067012033,0.006221557153545052,0.7877284909296804
low_v4,18,26,0.01862955264225703,0.005979588651015627,0.7937080795806961
low_v4,18,27,0.018367593877563617,0.0058126074348057175,0.7995206870155018
low_v4,18,28,0.01791980056418062,0.005532644945530755,0.8050533319610326
low_v4,18,29,0.017713692928398857,0.005406107535598235,0.8104594394966308
low_v4,18,30,0.017371423120796235,0.005199208738972003,0.8156586482356027
low_v4,18,31,0.017117441916256165,0.005048288689814903,0.8207069369254176
low_v4,18,32,0.016869350916512003,0.004903014771612538,0.8256099516970302
low_v4,18,33,0.016236640256012135,0.004542121983481707,0.8301520736805119
low_v4,18,34,0.015911139338202783,0.004361832806476707,0.8345139064869886
low_v4,18,35,0.015343701214272717,0.0040562687581175375,0.8385701752451061
low_v4,18,36,0.015256008739994645,0.004010036395200467,0.8425802116403066
low_v4,18,37,0.015143657373373297,0.0039511908447356445,0.8465314024850422
low_v4,18,38,0.014554002698275064,0.0036494831165338436,0.850180885601576
low_v4,18,39,0.014192327884118132,0.003470353605980334,0.8536512392075564
low_v4,18,40,0.014145761276769638,0.003447617733895146,0.8570988569414515
low_v4,18,41,0.013931688999593968,0.003344059519787303,0.8604429164612388
low_v4,18,42,0.013673938132582688,0.0032214669329750944,0.8636643833942139
low_v4,18,43,0.01347181148479313,0.0031269320982991867,0.8667913154925131
low_v4,18,44,0.013327993966372001,0.003060525705696231,0.8698518411982094
low_v4,18,45,0.013189344670579377,0.0029971804549632467,0.8728490216531726
low_v4,18,46,0.012706345219936119,0.0027816837772795,0.8756307054304521
low_v4,18,47,0.012505619973112269,0.0026944920751061983,0.8783251975055583
low_v4,18,48,0.012393087171545619,0.002646217063735131,0.8809714145692934
low_v4,18,49,0.012201056418408377,0.0025648461962251485,0.8835362607655185
low_v4,18,50,0.0118545839208756,0.0024212469549659047,0.8859575077204844
low_v4,18,51,0.011778226566636192,0.002390156097427404,0.8883476638179119
low_v4,18,52,0.01160442894964356,0.002320138999605745,0.8906678028175176
low_v4,18,53,0.011443668568662285,0.0022563008094316156,0.8929241036269492
low_v4,18,54,0.011263605073361235,0.0021858546816129667,0.8951099583085621
low_v4,18,55,0.011072734295277501,0.0021124002673410377,0.8972223585759032
low_v4,18,56,0.01096703861919363,0.0020722645718385165,0.8992946231477417
low_v4,18,57,0.010915486201999612,0.002052828302006016,0.9013474514497477
low_v4,18,58,0.010840257036287885,0.0020246297617594073,0.9033720812115071
low_v4,18,59,0.01060718294127907,0.001938503435173707,0.9053105846466808
low_v4,18,60,0.010431176958876354,0.001874705625813405,0.9071852902724942
low_v4,18,61,0.010319270470967071,0.0018346974096339586,0.9090199876821281
low_v4,18,62,0.010246153276681297,0.0018087900211723787,0.9108287777033005
low_v4,18,63,0.010084649130218087,0.0017522176147096414,0.9125809953180102
low_v4,18,64,0.009930390209478864,0.0016990223231946686,0.9142800176412048
low_v4,18,65,0.009728682642680333,0.0016307017220160668,0.9159107193632209
low_v4,18,66,0.009556789438627235,0.0015735860307097662,0.9174843053939307
low_v4,18,67,0.009509200430244663,0.0015579533855536191,0.9190422587794843
low_v4,18,68,0.009389100940639569,0.001518848556764422,0.9205611073362487
low_v4,18,69,0.009316257094157194,0.0014953724891109898,0.9220564798253598
low_v4,18,70,0.00916361110185021,0.0014467708705703903,0.9235032506959302
low_v4,18,71,0.009036446753162003,0.00140689551245758,0.9249101462083877
low_v4,18,72,0.008990087184759367,0.0013924969852532117,0.926302643193641
low_v4,18,73,0.008872589473398935,0.001356335821309269,0.9276589790149502
low_v4,18,74,0.00877725919537625,0.0013273464830175948,0.9289863254979678
low_v4,18,75,0.008734593318374173,0.001314473499162558,0.9303007989971304
low_v4,18,76,0.008635151566274861,0.0012847137912620854,0.9315855127883924
low_v4,18,77,0.008530255940129954,0.0012536912083209407,0.9328392039967134
low_v4,18,78,0.008485211317375336,0.001240485755730861,0.9340796897524443
low_v4,18,79,0.008357300700299889,0.0012033681532203488,0.9352830579056646
low_v4,18,80,0.008269988023624048,0.0011783551869760482,0.9364614130926406
low_v4,18,81,0.00825326799370914,0.0011735952726184054,0.937635008365259
low_v4,18,82,0.008142689484433535,0.0011423579379292378,0.9387773663031883
low_v4,18,83,0.008018294328402434,0.001107721141185918,0.9398850874443743
low_v4,18,84,0.007952282662691343,0.0010895572975292583,0.9409746447419035
low_v4,18,85,0.007835939898470149,0.0010579098218632015,0.9420325545637667
low_v4,18,86,0.007761377533649957,0.0010378726676283161,0.943070427231395
low_v4,18,87,0.007729861918658737,0.001029461071548542,0.9440998883029436
low_v4,18,88,0.007645108461303691,0.0010070099434483914,0.9451068982463919
low_v4,18,89,0.007487671486379899,0.0009659619521211323,0.9460728601985131
low_v4,18,90,0.00747132122795154,0.0009617479628195582,0.9470346081613327
low_v4,18,91,0.007380396444326589,0.0009384817649296069,0.9479730899262623
low_v4,18,92,0.0073085020670906635,0.0009202868255510965,0.9488933767518134
low_v4,18,93,0.007246147685779053,0.0009046504825000246,0.9497980272343134
low_v4,18,94,0.007226344599921929,0.0008997125783705793,0.950697739812684
low_v4,18,95,0.0071791330586471434,0.0008879948804293878,0.9515857346931134
low_v4,18,96,0.007114620087397804,0.0008721072262307648,0.9524578419193441
low_v4,18,97,0.007018230835307607,0.0008486365909392455,0.9533064785102834
low_v4,18,98,0.006965640098526734,0.0008359658176985139,0.9541424443279819
low_v4,18,99,0.00690121030114377,0.0008205725418341462,0.954963016869816
low_v4,18,100,0.006829111303192346,0.0008035165729413976,0.9557665334427574
low_v4,18,101,0.006751372958360103,0.0007853272303522464,0.9565518606731097
low_v4,18,102,0.006717714222172154,0.0007775163061083291,0.957329376979218
low_v4,18,103,0.0066446977555239236,0.0007607061352692147,0.9580900831144873
low_v4,18,104,0.006549358787431049,0.0007390333242270863,0.9588291164387144
low_v4,18,105,0.00652404209059571,0.000733330866479319,0.9595624473051937
low_v4,18,106,0.006457300553112495,0.0007184035315632857,0.960280850836757
low_v4,18,107,0.006347147303303108,0.0006941025046158758,0.9609749533413728
low_v4,18,108,0.006334818017156687,0.0006914085458133301,0.9616663618871861
low_v4,18,109,0.006294473838182523,0.0006826299240364042,0.9623489918112226
low_v4,18,110,0.006217174525655786,0.0006659667926659356,0.9630149586038885
low_v4,18,111,0.006187042407507508,0.000659527095107446,0.9636744856989959
low_v4,18,112,0.006156757777954868,0.000653086327858331,0.9643275720268543
low_v4,18,113,0.006095106367771572,0.0006400723026386948,0.964967644329493
low_v4,18,114,0.006029668206981284,0.0006264022176688307,0.9655940465471619
low_v4,18,115,0.005963537383530529,0.0006127373425952302,0.9662067838897571
low_v4,18,116,0.005929227806381409,0.0006057071913813946,0.9668124910811385
low_v4,18,117,0.005903059392709648,0.0006003724600085713,0.9674128635411471
low_v4,18,118,0.005872169572296551,0.0005941055825795302,0.9680069691237266
low_v4,18,119,0.005808156133267413,0.0005812233074712239,0.9685881924311979
low_v4,18,120,0.005694505952922299,0.0005586998557189637,0.9691468922869169
low_v4,18,121,0.00568680605676389,0.0005571899714712469,0.9697040822583881
low_v4,18,122,0.0056369938922219524,0.0005474715873876277,0.9702515538457758
low_v4,18,123,0.005588787426821173,0.0005381478866896359,0.9707897017324654
low_v4,18,124,0.005536031106581543,0.0005280359605669106,0.9713177376930323
low_v4,18,125,0.005515450734499753,0.0005241172770210166,0.9718418549700534
low_v4,18,126,0.005463461389595723,0.0005142830526937198,0.9723561380227471
low_v4,18,127,0.005396749769051957,0.0005018004192746015,0.9728579384420217
low_v4,18,128,0.00538865355306534,0.0005002959444235751,0.9733582343864453
low_v4,18,129,0.00533422723088499,0.0004902408321928296,0.9738484752186382
low_v4,18,130,0.005301292789552073,0.00048420585703144123,0.9743326810756696
low_v4,18,131,0.005242056258517865,0.0004734453023469537,0.9748061263780166
low_v4,18,132,0.0052145808682010665,0.0004684953346534304,0.97527462171267
low_v4,18,133,0.005156776618872555,0.00045816625024813746,0.9757327879629181
low_v4,18,134,0.005114438918037905,0.00045067394316586324,0.976183461906084
low_v4,18,135,0.005092081662484209,0.00044674240348558736,0.9766302043095696
low_v4,18,136,0.005023645261439795,0.0004348148680291314,0.9770650191775987
low_v4,18,137,0.00501052666448722,0.00043254690806440727,0.9774975660856631
low_v4,18,138,0.004962129560034948,0.0004242312488322088,0.9779217973344952
low_v4,18,139,0.004918114281390124,0.0004167385621007668,0.978338535896596
low_v4,18,140,0.004896469319312016,0.0004130784434469897,0.978751614340043
low_v4,18,141,0.00484243109988056,0.00040401115540387674,0.9791556254954469
low_v4,18,142,0.004836365995562273,0.0004029997480264839,0.9795586252434734
low_v4,18,143,0.004771870221492521,0.0003923229411385182,0.9799509481846119
low_v4,18,144,0.004764563556331769,0.00039112241489124483,0.9803420705995032
low_v4,18,145,0.004736831824420128,0.0003865826763564533,0.9807286532758597
low_v4,18,146,0.004639296409787954,0.00037082644570974216,0.9810994797215694
low_v4,18,147,0.0046273913681740345,0.0003689257092515074,0.9814684054308209
low_v4,18,148,0.004615394045751209,0.0003670151801495614,0.9818354206109705
low_v4,18,149,0.004561565539015724,0.00035850423860132354,0.9821939248495718
low_v4,18,150,0.004531607257640775,0.00035381071726903787,0.9825477355668408
low_v4,18,151,0.004524758154719101,0.0003527420215088032,0.9829004775883496
low_v4,18,152,0.004453668793103998,0.000341745094960234,0.9832422226833099
low_v4,18,153,0.004428865857830537,0.0003379492676432813,0.9835801719509532
low_v4,18,154,0.004372413620878198,0.000329388880140103,0.9839095608310933
low_v4,18,155,0.004365340673840596,0.00032832408345382025,0.9842378849145471
low_v4,18,156,0.0043353340620134,0.0003238259084260679,0.9845617108229732
low_v4,18,157,0.0042918837378981564,0.00031736742961255244,0.9848790782525857
low_v4,18,158,0.00423969664167283,0.00030969630432059995,0.9851887745569063
low_v4,18,159,0.004214273111529701,0.0003059932251266742,0.985494767782033
low_v4,18,160,0.0041959193184370755,0.00030333373598855404,0.9857981015180216
low_v4,18,161,0.00412987834200146,0.00029386033774544886,0.9860919618557671
low_v4,18,162,0.004104302369119813,0.000290231905536885,0.986382193761304
low_v4,18,163,0.004057754531048831,0.0002836860624640226,0.986665879823768
low_v4,18,164,0.004013860213787182,0.00027758177215116424,0.9869434615959192
low_v4,18,165,0.003989904813287893,0.0002742783488876302,0.9872177399448068
low_v4,18,166,0.003948760175184177,0.0002686506976057257,0.9874863906424125
low_v4,18,167,0.003940341102255912,0.0002675063492246513,0.9877538969916372
low_v4,18,168,0.003915216694936459,0.0002641058763839,0.9880180028680211
low_v4,18,169,0.003849033028251069,0.00025525234000765953,0.9882732552080288
low_v4,18,170,0.003814895767968228,0.00025074472743806384,0.9885239999354668
low_v4,18,171,0.003797200357762538,0.00024842396142763537,0.9887724238968945
low_v4,18,172,0.003767379821145072,0.000244537389214889,0.9890169612861094
low_v4,18,173,0.003748744725229426,0.000242124196213973,0.9892590854823233
low_v4,18,174,0.0037334666157857656,0.00024015465059533498,0.9894992401329187
low_v4,18,175,0.0036641720923220275,0.00023132266227260634,0.9897305627951913
low_v4,18,176,0.0036448560593632657,0.000228890211672833,0.9899594530068642
low_v4,18,177,0.003630799141137238,0.0002271281192474382,0.9901865811261116
low_v4,18,178,0.0036150822353337936,0.0002251660030325865,0.9904117471291441
low_v4,18,179,0.0035897907944634176,0.00022202646057620871,0.9906337735897204
low_v4,18,180,0.0035694429491218327,0.00021951658942544487,0.9908532901791458
low_v4,18,181,0.003490775902733976,0.00020994734903577417,0.9910632375281816
low_v4,18,182,0.0034833158647217697,0.00020905096285060877,0.9912722884910322
low_v4,18,183,0.0034625002053621447,0.00020655992740339874,0.9914788484184356
low_v4,18,184,0.003443734324109111,0.00020432698900014413,0.9916831754074358
low_v4,18,185,0.0033921899123915034,0.0001982561979571066,0.9918814316053929
low_v4,18,186,0.003374101554733594,0.00019614749068888054,0.9920775790960817
low_v4,18,187,0.0033257465225110692,0.00019056570589012507,0.9922681448019719
low_v4,18,188,0.0033171300534185193,0.00018957953546397212,0.9924577243374358
low_v4,18,189,0.0032985769905103696,0.00018746478884465193,0.9926451891262805
low_v4,18,190,0.003278790534563307,0.0001852225256990514,0.9928304116519796
low_v4,18,191,0.003226619066261031,0.00017937497275669428,0.9930097866247363
low_v4,18,192,0.00321790256602045,0.0001784071422908392,0.9931881937670272
low_v4,18,193,0.0031813627941049975,0.00017437846566965577,0.9933625722326969
low_v4,18,194,0.003153714997529002,0.00017136074571807145,0.993533932978415
low_v4,18,195,0.003140029787168664,0.00016987676908631897,0.9937038097475013
low_v4,18,196,0.0031102244357720304,0.0001666671138509486,0.9938704768613522
low_v4,18,197,0.0030740656547774666,0.00016281437040237886,0.9940332912317545
low_v4,18,198,0.0030431578943864086,0.0001595568409939976,0.9941928480727485
low_v4,18,199,0.003030494524258349,0.0001582316890074603,0.994351079761756
low_v4,18,200,0.0030212530049952705,0.00015726810267511568,0.9945083478644311
low_v4,18,201,0.0029654014377553787,0.00015150726004434164,0.9946598551244754
low_v4,18,202,0.002925733280732674,0.00014748094795951952,0.9948073360724349
low_v4,18,203,0.002923303601884275,0.00014723609819566435,0.9949545721706305
low_v4,18,204,0.0029123193236344127,0.0001461317012314974,0.995100703871862
low_v4,18,205,0.002880894266387988,0.000142995080020942,0.9952436989518829
low_v4,18,206,0.0028568298780096966,0.00014061615393079122,0.9953843151058137
low_v4,18,207,0.002844263005644789,0.00013938176568519206,0.9955236968714989
low_v4,18,208,0.0027973049881400954,0.0001348174461898304,0.9956585143176887
low_v4,18,209,0.002769436887429124,0.00013214459418942339,0.9957906589118781
low_v4,18,210,0.0027594364092335005,0.0001311919650508537,0.995921850876929
low_v4,18,211,0.0027300901275208564,0.0001284163807158016,0.9960502672576448
low_v4,18,212,0.0027004658812128535,0.00012564460513849157,0.9961759118627833
low_v4,18,213,0.002680032479614251,0.0001237503885710693,0.9962996622513544
low_v4,18,214,0.0026735578946966935,0.00012315318344570435,0.9964228154348
low_v4,18,215,0.002655038780482219,0.00012145298538589212,0.996544268420186
low_v4,18,216,0.0026258439372159573,0.00011879667312357133,0.9966630650933095
low_v4,18,217,0.0026191959206816576,0.00011819590436481469,0.9967812609976743
low_v4,18,218,0.002586486073462674,0.00011526215771570671,0.99689652315539
low_v4,18,219,0.002566100837771685,0.0001134524538267754,0.9970099756092168
low_v4,18,220,0.002513544692694878,0.00010885281886182395,0.9971188284280786
low_v4,18,221,0.002505868527569128,0.00010818897840659172,0.9972270174064852
low_v4,18,222,0.0024931137929108233,0.0001070904292735353,0.9973341078357587
low_v4,18,223,0.0024563638820646575,0.00010395655105343681,0.9974380643868122
low_v4,18,224,0.00243299152280511,0.00010198766484447048,0.9975400520516566
low_v4,18,225,0.002419567472535639,0.00010086533412429162,0.997640917385781
low_v4,18,226,0.0023993400296660346,9.918592684974216e-05,0.9977401033126307
low_v4,18,227,0.002393018224164071,9.866394324393996e-05,0.9978387672558747
low_v4,18,228,0.002374663552286887,9.715622447214744e-05,0.9979359234803469
low_v4,18,229,0.002336231334582217,9.403686578170034e-05,0.9980299603461286
low_v4,18,230,0.002318144877943626,9.258648701724206e-05,0.9981225468331458
low_v4,18,231,0.002299999766536653,9.114273159953378e-05,0.9982136895647453
low_v4,18,232,0.0022910333440293988,9.043348692917154e-05,0.9983041230516745
low_v4,18,233,0.0022762935488520293,8.927358839033047e-05,0.9983933966400648
low_v4,18,234,0.002272779204830765,8.899814420308111e-05,0.9984823947842678
low_v4,18,235,0.0022384321037483834,8.632852255674091e-05,0.9985687233068246
low_v4,18,236,0.00222707593211347,8.545480858712679e-05,0.9986541781154117
low_v4,18,237,0.0022100047613141716,8.414975876710515e-05,0.9987383278741788
low_v4,18,238,0.002167270088064128,8.092683033928274e-05,0.9988192547045182
low_v4,18,239,0.0021381918876663118,7.876981248489438e-05,0.998898024517003
low_v4,18,240,0.00212587605550762,7.786500885470985e-05,0.9989758895258578
low_v4,18,241,0.0021121444298942823,7.686235399679711e-05,0.9990527518798547
low_v4,18,242,0.0020823875001250874,7.47118607586335e-05,0.9991274637406132
low_v4,18,243,0.0020666661306405513,7.358801715061787e-05,0.9992010517577639
low_v4,18,244,0.002052071393211645,7.255233412330668e-05,0.9992736040918871
low_v4,18,245,0.0020109167848823993,6.967141883591998e-05,0.9993432755107231
low_v4,18,246,0.001988908509835154,6.815474049738002e-05,0.9994114302512205
low_v4,18,247,0.0019704065493102757,6.689260997821904e-05,0.9994783228611986
low_v4,18,248,0.0019434512549013072,6.507493771841639e-05,0.9995433977989171
low_v4,18,249,0.0019019025621295226,6.232222983242566e-05,0.9996057200287495
low_v4,18,250,0.0018850905818913596,6.122529747802791e-05,0.9996669453262275
low_v4,18,251,0.00185043807137913,5.899504909807208e-05,0.9997259403753256
low_v4,18,252,0.0018200022169836255,5.70703177591344e-05,0.9997830106930847
low_v4,18,253,0.0018004885350909868,5.585308643463488e-05,0.9998388637795194
low_v4,18,254,0.0017954515406969414,5.554101762095911e-05,0.9998944047971403
low_v4,18,255,0.001774088268275625,5.4227165565105795e-05,0.9999486319627054
low_v4,18,256,0.0017266855628220185,5.136803729467315e-05,1.0000000000000002
